scope,n,pos,auc,pr_auc,brier,acc,spec,recall,tn,fp,fn,tp
combined,119,49,0.7338192419825073,0.6682486816099419,0.21375471318568914,0.7394957983193278,0.8142857142857143,0.6326530612244898,57,13,18,31
taoyuan,78,38,0.7131578947368422,0.6980717902652442,0.22136697577689374,0.6666666666666666,0.75,0.5789473684210527,30,10,16,22
xiangya_firstct,41,11,0.9181818181818182,0.8490012911065543,0.19927284776827553,0.8780487804878049,0.9,0.8181818181818182,27,3,2,9
