{
  "best": {
    "kind": "single_anchor",
    "anchor": "extra",
    "alpha": 2.65,
    "w_mlp": 0.68,
    "auc": 0.7131578947368422,
    "pr_auc": 0.6980717902652442,
    "brier": 0.2213669772637082,
    "acc": 0.6666666666666666,
    "spec": 0.75,
    "recall": 0.5789473684210527
  },
  "metrics": {
    "auc": 0.7131578947368422,
    "pr_auc": 0.6980717902652442,
    "brier": 0.22136697577689374,
    "acc": 0.6666666666666666,
    "spec": 0.75,
    "recall": 0.5789473684210527
  }
}