scope,weight_mlp,auc,pr_auc,brier,acc,specificity,recall,n,pos
combined,center_specific,0.753935860058309,0.7022810000130436,0.21976141793233633,0.7226890756302521,0.8,0.6122448979591837,119,49
taoyuan,0.131,0.6868421052631579,0.6876332770658286,0.23053105096729135,0.6410256410256411,0.725,0.5526315789473685,78,38
xiangya_firstct,0.066,0.9181818181818182,0.8490012911065543,0.19927284776827556,0.8780487804878049,0.9,0.8181818181818182,41,11
