{
  "val_auc_best": 0.7242647058823529,
  "test_roc_auc": 0.6977272727272726,
  "checkpoint": "/autodl-fs/data/lyy/unified_runs/ct/best_ct_resnet18.pth"
}