{
  "test_roc_auc": 0.7204545454545455,
  "n_train": 341,
  "n_val": 74,
  "n_test": 73,
  "classification_report": {
    "0": {
      "precision": 0.6530612244897959,
      "recall": 0.8,
      "f1-score": 0.7191011235955056,
      "support": 40.0
    },
    "1": {
      "precision": 0.6666666666666666,
      "recall": 0.48484848484848486,
      "f1-score": 0.5614035087719298,
      "support": 33.0
    },
    "accuracy": 0.6575342465753424,
    "macro avg": {
      "precision": 0.6598639455782312,
      "recall": 0.6424242424242425,
      "f1-score": 0.6402523161837177,
      "support": 73.0
    },
    "weighted avg": {
      "precision": 0.6592116298574224,
      "recall": 0.6575342465753424,
      "f1-score": 0.6478131607300536,
      "support": 73.0
    }
  }
}